user_id,trial_start_date,trial_end_date,converted_to_premium,conversion_day,subscription_plan,initial_payment_usd
HT_010010,2026-01-15,2026-01-22,1,2026-01-16,Monthly,69.99
HT_010044,2025-08-12,2025-08-19,1,2025-08-16,Monthly,69.99
HT_010048,2025-09-04,2025-09-11,0,,,0.0
HT_010049,2025-12-12,2025-12-19,1,2025-12-19,Monthly,24.99
HT_010083,2025-12-03,2025-12-10,1,2025-12-08,Quarterly,24.99
HT_010091,2025-07-28,2025-08-04,1,2025-07-30,Quarterly,9.99
HT_010107,2025-09-29,2025-10-06,0,,,0.0
HT_010116,2025-10-15,2025-10-22,0,,,0.0
HT_010142,2025-12-30,2026-01-06,0,,,0.0
HT_010144,2026-04-07,2026-04-14,1,2026-04-11,Yearly,69.99
HT_010154,2026-02-22,2026-03-01,0,,,0.0
HT_010175,2026-04-20,2026-04-27,1,2026-04-23,Monthly,69.99
HT_010195,2026-03-04,2026-03-11,1,2026-03-11,Yearly,69.99
HT_010199,2025-11-22,2025-11-29,0,,,0.0
HT_010207,2025-07-31,2025-08-07,0,,,0.0
HT_010217,2025-06-06,2025-06-13,1,2025-06-09,Monthly,24.99
HT_010232,2025-05-31,2025-06-07,0,,,0.0
HT_010243,2026-04-28,2026-05-05,1,2026-04-30,Yearly,69.99
HT_010244,2025-12-27,2026-01-03,1,2026-01-01,Yearly,24.99
HT_010271,2025-05-25,2025-06-01,0,,,0.0
HT_010273,2026-03-19,2026-03-26,0,,,0.0
HT_010284,2025-05-31,2025-06-07,0,,,0.0
HT_010316,2025-06-15,2025-06-22,1,2025-06-22,Monthly,9.99
HT_010320,2025-12-03,2025-12-10,1,2025-12-06,Yearly,9.99
HT_010337,2025-11-27,2025-12-04,0,,,0.0
HT_010339,2026-01-08,2026-01-15,1,2026-01-14,Quarterly,9.99
HT_010344,2025-09-19,2025-09-26,0,,,0.0
HT_010370,2025-09-26,2025-10-03,0,,,0.0
HT_010386,2025-05-28,2025-06-04,1,2025-06-03,Monthly,24.99
HT_010390,2025-12-16,2025-12-23,1,2025-12-18,Quarterly,9.99
HT_010398,2025-09-04,2025-09-11,1,2025-09-11,Quarterly,9.99
HT_010404,2026-02-14,2026-02-21,1,2026-02-19,Monthly,24.99
HT_010416,2025-10-18,2025-10-25,1,2025-10-20,Yearly,69.99
HT_010425,2025-07-21,2025-07-28,0,,,0.0
HT_010429,2026-01-28,2026-02-04,0,,,0.0
HT_010432,2026-01-18,2026-01-25,1,2026-01-23,Yearly,69.99
HT_010433,2026-01-04,2026-01-11,0,,,0.0
HT_010450,2025-05-14,2025-05-21,0,,,0.0
HT_010467,2025-12-10,2025-12-17,1,2025-12-12,Yearly,24.99
HT_010470,2025-06-25,2025-07-02,1,2025-06-26,Monthly,9.99
HT_010479,2025-12-26,2026-01-02,1,2025-12-30,Monthly,24.99
HT_010481,2025-07-13,2025-07-20,1,2025-07-18,Monthly,69.99
HT_010484,2026-03-21,2026-03-28,1,2026-03-24,Yearly,9.99
HT_010491,2026-01-17,2026-01-24,1,2026-01-23,Quarterly,69.99
HT_010494,2025-07-03,2025-07-10,0,,,0.0
HT_010500,2026-03-10,2026-03-17,1,2026-03-16,Quarterly,24.99
HT_010506,2025-12-24,2025-12-31,1,2025-12-30,Monthly,69.99
HT_010549,2025-05-15,2025-05-22,0,,,0.0
HT_010552,2025-06-30,2025-07-07,0,,,0.0
HT_010578,2025-06-08,2025-06-15,0,,,0.0
HT_010585,2025-09-14,2025-09-21,1,2025-09-21,Monthly,24.99
HT_010599,2025-05-14,2025-05-21,1,2025-05-20,Monthly,24.99
HT_010604,2025-10-25,2025-11-01,0,,,0.0
HT_010613,2025-06-14,2025-06-21,1,2025-06-20,Monthly,69.99
HT_010618,2026-03-24,2026-03-31,1,2026-03-31,Monthly,9.99
HT_010627,2026-02-13,2026-02-20,0,,,0.0
HT_010644,2025-07-31,2025-08-07,1,2025-08-05,Quarterly,69.99
HT_010649,2025-07-14,2025-07-21,1,2025-07-18,Monthly,24.99
HT_010655,2025-06-07,2025-06-14,1,2025-06-12,Quarterly,69.99
HT_010656,2025-09-22,2025-09-29,1,2025-09-28,Quarterly,9.99
HT_010660,2025-08-16,2025-08-23,1,2025-08-19,Quarterly,69.99
HT_010664,2026-04-15,2026-04-22,1,2026-04-18,Monthly,9.99
HT_010668,2025-05-09,2025-05-16,1,2025-05-13,Monthly,24.99
HT_010672,2025-08-05,2025-08-12,1,2025-08-12,Monthly,9.99
HT_010680,2025-08-06,2025-08-13,1,2025-08-13,Monthly,24.99
HT_010686,2025-06-19,2025-06-26,0,,,0.0
HT_010713,2025-06-16,2025-06-23,0,,,0.0
HT_010714,2025-11-25,2025-12-02,1,2025-12-01,Monthly,69.99
HT_010720,2025-09-29,2025-10-06,1,2025-10-05,Yearly,24.99
HT_010722,2026-03-24,2026-03-31,1,2026-03-28,Quarterly,9.99
HT_010723,2025-04-25,2025-05-02,1,2025-04-29,Monthly,69.99
HT_010744,2025-10-08,2025-10-15,1,2025-10-13,Yearly,69.99
HT_010787,2025-12-24,2025-12-31,0,,,0.0
HT_010795,2026-01-09,2026-01-16,1,2026-01-13,Monthly,69.99
HT_010799,2025-06-25,2025-07-02,0,,,0.0
HT_010804,2025-10-01,2025-10-08,0,,,0.0
HT_010827,2026-03-23,2026-03-30,1,2026-03-29,Yearly,24.99
HT_010855,2026-03-21,2026-03-28,1,2026-03-22,Monthly,24.99
HT_010863,2026-03-18,2026-03-25,1,2026-03-22,Yearly,24.99
HT_010885,2025-05-14,2025-05-21,1,2025-05-17,Quarterly,24.99
HT_010890,2025-10-24,2025-10-31,1,2025-10-25,Yearly,24.99
HT_010901,2026-02-20,2026-02-27,0,,,0.0
HT_010916,2025-05-12,2025-05-19,0,,,0.0
HT_010923,2025-10-09,2025-10-16,1,2025-10-15,Monthly,24.99
HT_010924,2025-06-16,2025-06-23,0,,,0.0
HT_010925,2026-02-13,2026-02-20,0,,,0.0
HT_010926,2025-07-02,2025-07-09,1,2025-07-08,Quarterly,9.99
HT_010928,2025-09-30,2025-10-07,1,2025-10-06,Monthly,24.99
HT_010931,2025-07-11,2025-07-18,0,,,0.0
HT_010937,2025-12-04,2025-12-11,1,2025-12-06,Quarterly,69.99
HT_010946,2025-08-13,2025-08-20,1,2025-08-17,Monthly,69.99
HT_010950,2025-07-19,2025-07-26,1,2025-07-24,Yearly,69.99
HT_010951,2025-06-16,2025-06-23,0,,,0.0
HT_010952,2026-04-13,2026-04-20,1,2026-04-14,Monthly,9.99
HT_010961,2025-11-08,2025-11-15,1,2025-11-14,Quarterly,9.99
HT_010965,2026-01-20,2026-01-27,1,2026-01-24,Yearly,24.99
HT_010990,2025-05-05,2025-05-12,0,,,0.0
HT_010994,2025-05-16,2025-05-23,1,2025-05-18,Monthly,9.99
HT_010999,2026-03-15,2026-03-22,1,2026-03-16,Monthly,9.99
HT_011002,2025-05-10,2025-05-17,1,2025-05-17,Yearly,24.99
HT_011004,2026-04-11,2026-04-18,0,,,0.0
HT_011036,2026-02-16,2026-02-23,0,,,0.0
HT_011040,2025-10-31,2025-11-07,1,2025-11-05,Quarterly,9.99
HT_011041,2026-01-01,2026-01-08,1,2026-01-06,Yearly,9.99
HT_011048,2026-04-08,2026-04-15,1,2026-04-14,Monthly,9.99
HT_011069,2026-01-30,2026-02-06,0,,,0.0
HT_011075,2025-06-08,2025-06-15,1,2025-06-14,Yearly,24.99
HT_011093,2025-10-12,2025-10-19,1,2025-10-15,Quarterly,9.99
HT_011120,2025-08-01,2025-08-08,1,2025-08-02,Quarterly,24.99
HT_011123,2026-02-10,2026-02-17,0,,,0.0
HT_011131,2025-11-28,2025-12-05,0,,,0.0
HT_011134,2025-10-15,2025-10-22,1,2025-10-20,Quarterly,24.99
HT_011140,2026-01-21,2026-01-28,1,2026-01-24,Quarterly,9.99
HT_011146,2026-02-08,2026-02-15,1,2026-02-15,Monthly,9.99
HT_011153,2026-01-30,2026-02-06,1,2026-02-05,Quarterly,69.99
HT_011156,2026-03-26,2026-04-02,1,2026-03-28,Monthly,69.99
HT_011158,2025-09-16,2025-09-23,1,2025-09-22,Monthly,24.99
HT_011180,2025-07-18,2025-07-25,0,,,0.0
HT_011182,2026-02-15,2026-02-22,0,,,0.0
HT_011183,2025-07-09,2025-07-16,0,,,0.0
HT_011188,2025-11-23,2025-11-30,1,2025-11-25,Yearly,69.99
HT_011208,2025-05-18,2025-05-25,0,,,0.0
HT_011212,2025-10-22,2025-10-29,1,2025-10-28,Monthly,69.99
HT_011229,2026-02-09,2026-02-16,1,2026-02-13,Quarterly,9.99
HT_011235,2025-10-05,2025-10-12,1,2025-10-12,Monthly,24.99
HT_011240,2025-06-26,2025-07-03,1,2025-07-03,Yearly,9.99
HT_011249,2026-01-31,2026-02-07,0,,,0.0
HT_011250,2026-04-12,2026-04-19,0,,,0.0
HT_011276,2025-09-24,2025-10-01,1,2025-09-30,Yearly,24.99
HT_011290,2025-10-10,2025-10-17,0,,,0.0
HT_011298,2025-11-24,2025-12-01,0,,,0.0
HT_011305,2025-07-17,2025-07-24,1,2025-07-21,Yearly,9.99
HT_011306,2025-12-26,2026-01-02,1,2025-12-27,Monthly,9.99
HT_011310,2026-04-07,2026-04-14,1,2026-04-12,Yearly,9.99
HT_011318,2025-12-30,2026-01-06,1,2025-12-31,Monthly,9.99
HT_011336,2025-05-29,2025-06-05,0,,,0.0
HT_011344,2025-04-29,2025-05-06,1,2025-05-05,Monthly,9.99
HT_011365,2025-12-19,2025-12-26,0,,,0.0
HT_011372,2026-04-13,2026-04-20,1,2026-04-17,Yearly,9.99
HT_011379,2025-09-14,2025-09-21,1,2025-09-19,Quarterly,69.99
HT_011411,2025-06-09,2025-06-16,1,2025-06-10,Quarterly,69.99
HT_011425,2025-12-11,2025-12-18,1,2025-12-15,Monthly,9.99
HT_011434,2026-03-05,2026-03-12,1,2026-03-07,Monthly,24.99
HT_011442,2026-03-15,2026-03-22,1,2026-03-22,Yearly,69.99
HT_011444,2026-04-27,2026-05-04,0,,,0.0
HT_011455,2025-08-25,2025-09-01,1,2025-08-31,Yearly,9.99
HT_011464,2026-01-10,2026-01-17,1,2026-01-14,Yearly,9.99
HT_011480,2025-05-13,2025-05-20,0,,,0.0
HT_011491,2026-01-27,2026-02-03,1,2026-01-31,Monthly,24.99
HT_011493,2025-09-13,2025-09-20,1,2025-09-19,Quarterly,69.99
HT_011508,2025-11-05,2025-11-12,1,2025-11-10,Yearly,69.99
HT_011511,2026-04-12,2026-04-19,0,,,0.0
HT_011521,2025-05-31,2025-06-07,1,2025-06-02,Quarterly,69.99
HT_011532,2026-01-24,2026-01-31,1,2026-01-25,Monthly,9.99
HT_011534,2025-07-14,2025-07-21,0,,,0.0
HT_011540,2026-01-20,2026-01-27,1,2026-01-25,Yearly,9.99
HT_011546,2025-05-16,2025-05-23,1,2025-05-22,Quarterly,9.99
HT_011548,2025-11-17,2025-11-24,1,2025-11-20,Quarterly,69.99
HT_011562,2025-09-10,2025-09-17,1,2025-09-17,Yearly,69.99
HT_011563,2025-06-03,2025-06-10,1,2025-06-09,Yearly,9.99
HT_011566,2025-12-25,2026-01-01,1,2025-12-27,Monthly,24.99
HT_011570,2025-11-17,2025-11-24,0,,,0.0
HT_011584,2025-09-06,2025-09-13,1,2025-09-11,Monthly,9.99
HT_011586,2025-10-02,2025-10-09,0,,,0.0
HT_011588,2025-09-04,2025-09-11,1,2025-09-07,Monthly,24.99
HT_011612,2026-03-02,2026-03-09,1,2026-03-05,Quarterly,24.99
HT_011621,2025-10-03,2025-10-10,1,2025-10-06,Monthly,69.99
HT_011627,2026-02-16,2026-02-23,0,,,0.0
HT_011632,2025-07-04,2025-07-11,1,2025-07-09,Quarterly,9.99
HT_011637,2025-06-27,2025-07-04,0,,,0.0
HT_011638,2026-03-10,2026-03-17,1,2026-03-11,Monthly,24.99
HT_011640,2026-02-08,2026-02-15,0,,,0.0
HT_011669,2026-02-23,2026-03-02,1,2026-02-24,Quarterly,69.99
HT_011677,2026-04-21,2026-04-28,1,2026-04-24,Quarterly,24.99
HT_011684,2026-01-25,2026-02-01,1,2026-02-01,Yearly,69.99
HT_011696,2026-03-29,2026-04-05,1,2026-04-03,Quarterly,9.99
HT_011698,2026-01-10,2026-01-17,0,,,0.0
HT_011716,2025-10-10,2025-10-17,1,2025-10-16,Quarterly,9.99
HT_011722,2026-03-07,2026-03-14,0,,,0.0
HT_011727,2025-11-27,2025-12-04,1,2025-11-30,Monthly,69.99
HT_011747,2025-07-29,2025-08-05,1,2025-07-30,Monthly,9.99
HT_011754,2026-02-19,2026-02-26,1,2026-02-22,Yearly,69.99
HT_011759,2025-09-30,2025-10-07,1,2025-10-05,Monthly,24.99
HT_011780,2026-01-02,2026-01-09,0,,,0.0
HT_011782,2026-04-23,2026-04-30,1,2026-04-25,Quarterly,69.99
HT_011786,2025-08-06,2025-08-13,1,2025-08-12,Quarterly,69.99
HT_011822,2026-01-25,2026-02-01,1,2026-01-27,Yearly,24.99
HT_011848,2026-03-20,2026-03-27,1,2026-03-23,Quarterly,69.99
HT_011849,2026-03-24,2026-03-31,1,2026-03-31,Yearly,9.99
HT_011852,2026-02-28,2026-03-07,1,2026-03-01,Yearly,69.99
HT_011863,2025-08-21,2025-08-28,0,,,0.0
HT_011868,2025-06-17,2025-06-24,1,2025-06-18,Monthly,69.99
HT_011874,2025-05-08,2025-05-15,1,2025-05-10,Quarterly,9.99
HT_011881,2025-11-01,2025-11-08,1,2025-11-05,Yearly,69.99
HT_011890,2026-02-16,2026-02-23,1,2026-02-21,Monthly,9.99
HT_011895,2026-04-12,2026-04-19,0,,,0.0
HT_011908,2026-01-07,2026-01-14,1,2026-01-11,Monthly,24.99
HT_011909,2025-06-10,2025-06-17,1,2025-06-11,Yearly,69.99
HT_011913,2025-11-06,2025-11-13,1,2025-11-09,Monthly,9.99
HT_011927,2026-02-08,2026-02-15,0,,,0.0
HT_011937,2025-12-22,2025-12-29,0,,,0.0
HT_011939,2025-11-09,2025-11-16,0,,,0.0
HT_011943,2025-07-23,2025-07-30,1,2025-07-26,Yearly,69.99
HT_011947,2025-11-09,2025-11-16,0,,,0.0
HT_011948,2026-03-10,2026-03-17,0,,,0.0
HT_011964,2025-08-29,2025-09-05,0,,,0.0
HT_011967,2025-07-28,2025-08-04,0,,,0.0
HT_011997,2025-11-21,2025-11-28,1,2025-11-22,Yearly,69.99
HT_011998,2026-04-18,2026-04-25,1,2026-04-24,Yearly,24.99
HT_012006,2026-03-14,2026-03-21,1,2026-03-21,Monthly,24.99
HT_012018,2025-07-11,2025-07-18,1,2025-07-18,Monthly,24.99
HT_012026,2026-01-26,2026-02-02,0,,,0.0
HT_012029,2025-09-24,2025-10-01,1,2025-09-30,Yearly,24.99
HT_012038,2026-01-20,2026-01-27,1,2026-01-23,Monthly,24.99
HT_012061,2025-08-30,2025-09-06,0,,,0.0
HT_012068,2026-02-21,2026-02-28,0,,,0.0
HT_012076,2025-09-29,2025-10-06,1,2025-10-04,Yearly,24.99
HT_012088,2026-03-12,2026-03-19,0,,,0.0
HT_012089,2026-04-13,2026-04-20,1,2026-04-15,Yearly,24.99
HT_012093,2026-02-27,2026-03-06,0,,,0.0
HT_012112,2026-02-04,2026-02-11,1,2026-02-09,Quarterly,69.99
HT_012123,2026-03-27,2026-04-03,0,,,0.0
HT_012135,2025-07-17,2025-07-24,0,,,0.0
HT_012145,2025-09-23,2025-09-30,1,2025-09-25,Yearly,9.99
HT_012150,2026-02-22,2026-03-01,0,,,0.0
HT_012152,2025-08-20,2025-08-27,1,2025-08-22,Quarterly,69.99
HT_012160,2026-03-16,2026-03-23,1,2026-03-23,Yearly,9.99
HT_012166,2025-10-12,2025-10-19,0,,,0.0
HT_012172,2025-09-24,2025-10-01,1,2025-09-29,Monthly,24.99
HT_012176,2025-12-10,2025-12-17,0,,,0.0
HT_012178,2025-11-30,2025-12-07,1,2025-12-05,Yearly,69.99
HT_012181,2025-07-05,2025-07-12,1,2025-07-09,Monthly,9.99
HT_012190,2025-07-24,2025-07-31,1,2025-07-28,Monthly,9.99
HT_012198,2026-03-16,2026-03-23,1,2026-03-18,Monthly,9.99
HT_012217,2026-02-12,2026-02-19,1,2026-02-19,Monthly,9.99
HT_012232,2025-05-19,2025-05-26,0,,,0.0
HT_012235,2026-04-07,2026-04-14,0,,,0.0
HT_012240,2025-10-24,2025-10-31,1,2025-10-26,Yearly,69.99
HT_012252,2025-09-08,2025-09-15,1,2025-09-12,Yearly,24.99
HT_012270,2025-05-06,2025-05-13,1,2025-05-11,Quarterly,69.99
HT_012286,2025-05-06,2025-05-13,0,,,0.0
HT_012299,2026-01-29,2026-02-05,1,2026-02-02,Quarterly,24.99
HT_012302,2026-01-18,2026-01-25,1,2026-01-25,Monthly,24.99
HT_012306,2025-10-12,2025-10-19,1,2025-10-18,Monthly,24.99
HT_012319,2025-08-22,2025-08-29,0,,,0.0
HT_012334,2025-11-24,2025-12-01,1,2025-12-01,Quarterly,9.99
HT_012344,2025-07-17,2025-07-24,1,2025-07-24,Monthly,9.99
HT_012352,2025-07-06,2025-07-13,0,,,0.0
HT_012358,2026-04-03,2026-04-10,0,,,0.0
HT_012368,2026-02-25,2026-03-04,1,2026-02-28,Yearly,69.99
HT_012369,2026-02-27,2026-03-06,1,2026-03-03,Yearly,69.99
HT_012386,2026-04-18,2026-04-25,1,2026-04-25,Quarterly,9.99
HT_012393,2026-04-27,2026-05-04,0,,,0.0
HT_012402,2026-01-11,2026-01-18,1,2026-01-14,Quarterly,69.99
HT_012413,2025-08-09,2025-08-16,1,2025-08-13,Monthly,69.99
HT_012425,2026-04-02,2026-04-09,1,2026-04-07,Monthly,9.99
HT_012436,2025-11-01,2025-11-08,0,,,0.0
HT_012466,2025-12-08,2025-12-15,0,,,0.0
HT_012473,2025-05-20,2025-05-27,1,2025-05-25,Yearly,24.99
HT_012484,2025-08-19,2025-08-26,1,2025-08-25,Yearly,69.99
HT_012485,2025-06-08,2025-06-15,0,,,0.0
HT_012494,2025-12-02,2025-12-09,0,,,0.0
HT_012498,2025-05-08,2025-05-15,0,,,0.0
HT_012509,2026-04-07,2026-04-14,1,2026-04-09,Monthly,9.99
HT_012519,2026-04-04,2026-04-11,1,2026-04-06,Yearly,9.99
HT_012521,2026-04-12,2026-04-19,0,,,0.0
HT_012522,2025-06-23,2025-06-30,0,,,0.0
HT_012523,2025-12-29,2026-01-05,1,2025-12-31,Yearly,9.99
HT_012554,2026-04-13,2026-04-20,1,2026-04-16,Yearly,9.99
HT_012586,2025-06-20,2025-06-27,0,,,0.0
HT_012588,2025-12-02,2025-12-09,1,2025-12-03,Yearly,69.99
HT_012598,2025-10-31,2025-11-07,1,2025-11-05,Yearly,24.99
HT_012602,2025-11-13,2025-11-20,1,2025-11-18,Yearly,24.99
HT_012604,2026-02-19,2026-02-26,1,2026-02-20,Quarterly,69.99
HT_012623,2025-05-18,2025-05-25,1,2025-05-25,Monthly,24.99
HT_012630,2026-03-19,2026-03-26,0,,,0.0
HT_012631,2026-01-02,2026-01-09,0,,,0.0
HT_012637,2025-06-26,2025-07-03,1,2025-06-27,Yearly,9.99
HT_012649,2025-07-26,2025-08-02,1,2025-07-27,Yearly,69.99
HT_012650,2025-07-29,2025-08-05,0,,,0.0
HT_012657,2026-03-04,2026-03-11,0,,,0.0
HT_012662,2025-11-01,2025-11-08,1,2025-11-08,Yearly,69.99
HT_012665,2026-03-24,2026-03-31,0,,,0.0
HT_012674,2025-11-15,2025-11-22,0,,,0.0
HT_012679,2025-12-14,2025-12-21,0,,,0.0
HT_012682,2026-03-22,2026-03-29,0,,,0.0
HT_012686,2026-02-17,2026-02-24,0,,,0.0
HT_012690,2025-09-15,2025-09-22,1,2025-09-17,Monthly,69.99
HT_012691,2025-05-24,2025-05-31,1,2025-05-25,Quarterly,24.99
HT_012694,2025-11-25,2025-12-02,0,,,0.0
HT_012708,2025-08-03,2025-08-10,1,2025-08-05,Yearly,69.99
HT_012714,2026-03-12,2026-03-19,1,2026-03-17,Monthly,24.99
HT_012732,2025-09-22,2025-09-29,0,,,0.0
HT_012733,2026-03-15,2026-03-22,1,2026-03-22,Yearly,24.99
HT_012736,2025-05-16,2025-05-23,1,2025-05-19,Monthly,24.99
HT_012740,2026-02-01,2026-02-08,1,2026-02-03,Yearly,9.99
HT_012755,2025-12-05,2025-12-12,0,,,0.0
HT_012760,2026-03-26,2026-04-02,1,2026-04-01,Yearly,9.99
HT_012766,2026-03-27,2026-04-03,1,2026-03-29,Monthly,69.99
HT_012779,2026-01-17,2026-01-24,1,2026-01-19,Monthly,69.99
HT_012808,2025-05-12,2025-05-19,0,,,0.0
HT_012812,2025-05-12,2025-05-19,1,2025-05-16,Quarterly,9.99
HT_012823,2025-06-05,2025-06-12,1,2025-06-08,Monthly,69.99
HT_012829,2025-07-14,2025-07-21,0,,,0.0
HT_012832,2026-03-07,2026-03-14,0,,,0.0
HT_012848,2025-06-19,2025-06-26,1,2025-06-23,Quarterly,24.99
HT_012870,2025-10-31,2025-11-07,1,2025-11-04,Monthly,69.99
HT_012877,2026-03-07,2026-03-14,0,,,0.0
HT_012884,2026-04-12,2026-04-19,1,2026-04-14,Yearly,69.99
HT_012888,2026-02-09,2026-02-16,1,2026-02-15,Quarterly,24.99
HT_012908,2026-02-05,2026-02-12,0,,,0.0
HT_012913,2025-12-23,2025-12-30,1,2025-12-29,Quarterly,24.99
HT_012915,2025-07-26,2025-08-02,1,2025-08-02,Quarterly,24.99
HT_012931,2025-08-07,2025-08-14,0,,,0.0
HT_012934,2025-08-22,2025-08-29,0,,,0.0
HT_012946,2025-09-14,2025-09-21,1,2025-09-21,Monthly,24.99
HT_012953,2025-10-19,2025-10-26,0,,,0.0
HT_012954,2026-04-13,2026-04-20,0,,,0.0
HT_012964,2025-06-06,2025-06-13,0,,,0.0
HT_012969,2026-03-31,2026-04-07,0,,,0.0
HT_012981,2026-03-18,2026-03-25,1,2026-03-24,Monthly,69.99
HT_012983,2025-11-28,2025-12-05,1,2025-11-29,Quarterly,9.99
HT_013014,2025-06-25,2025-07-02,1,2025-06-27,Yearly,69.99
HT_013025,2025-10-27,2025-11-03,1,2025-11-01,Quarterly,24.99
HT_013027,2025-05-30,2025-06-06,0,,,0.0
HT_013030,2025-12-06,2025-12-13,1,2025-12-11,Quarterly,9.99
HT_013035,2025-08-15,2025-08-22,1,2025-08-19,Monthly,24.99
HT_013041,2026-01-24,2026-01-31,1,2026-01-25,Monthly,69.99
HT_013044,2026-04-22,2026-04-29,0,,,0.0
HT_013048,2025-10-30,2025-11-06,1,2025-10-31,Quarterly,69.99
HT_013049,2025-10-02,2025-10-09,1,2025-10-05,Quarterly,24.99
HT_013050,2025-11-06,2025-11-13,1,2025-11-07,Monthly,9.99
HT_013060,2025-12-03,2025-12-10,1,2025-12-07,Yearly,9.99
HT_013061,2025-06-14,2025-06-21,1,2025-06-15,Quarterly,69.99
HT_013066,2025-08-25,2025-09-01,1,2025-09-01,Yearly,69.99
HT_013079,2025-10-30,2025-11-06,1,2025-11-03,Quarterly,24.99
HT_013081,2026-03-20,2026-03-27,1,2026-03-27,Monthly,9.99
HT_013109,2025-08-19,2025-08-26,1,2025-08-26,Yearly,9.99
HT_013111,2025-09-27,2025-10-04,1,2025-10-02,Quarterly,9.99
HT_013119,2025-07-27,2025-08-03,0,,,0.0
HT_013129,2026-04-07,2026-04-14,0,,,0.0
HT_013132,2025-08-27,2025-09-03,1,2025-08-29,Quarterly,69.99
HT_013160,2025-09-20,2025-09-27,1,2025-09-25,Quarterly,69.99
HT_013173,2025-07-12,2025-07-19,0,,,0.0
HT_013193,2025-06-23,2025-06-30,1,2025-06-27,Quarterly,9.99
HT_013198,2026-01-30,2026-02-06,0,,,0.0
HT_013249,2026-03-23,2026-03-30,1,2026-03-29,Yearly,69.99
HT_013251,2026-01-19,2026-01-26,0,,,0.0
HT_013260,2026-03-05,2026-03-12,1,2026-03-08,Yearly,9.99
HT_013272,2026-04-14,2026-04-21,1,2026-04-21,Quarterly,9.99
HT_013276,2025-04-15,2025-04-22,1,2025-04-21,Monthly,24.99
HT_013277,2025-06-27,2025-07-04,1,2025-06-29,Yearly,9.99
HT_013305,2025-12-02,2025-12-09,1,2025-12-09,Yearly,69.99
HT_013314,2025-09-01,2025-09-08,0,,,0.0
HT_013324,2025-12-31,2026-01-07,0,,,0.0
HT_013326,2025-09-24,2025-10-01,1,2025-09-26,Yearly,69.99
HT_013338,2025-04-21,2025-04-28,1,2025-04-25,Quarterly,69.99
HT_013341,2025-12-18,2025-12-25,1,2025-12-24,Yearly,69.99
HT_013342,2025-09-27,2025-10-04,0,,,0.0
HT_013349,2025-10-22,2025-10-29,0,,,0.0
HT_013358,2025-09-04,2025-09-11,0,,,0.0
HT_013372,2025-11-11,2025-11-18,0,,,0.0
HT_013374,2025-09-01,2025-09-08,0,,,0.0
HT_013375,2025-06-17,2025-06-24,0,,,0.0
HT_013381,2025-04-24,2025-05-01,1,2025-04-25,Yearly,69.99
HT_013387,2025-08-02,2025-08-09,1,2025-08-03,Quarterly,69.99
HT_013400,2025-12-12,2025-12-19,1,2025-12-15,Quarterly,69.99
HT_013401,2025-10-23,2025-10-30,0,,,0.0
HT_013410,2025-07-02,2025-07-09,1,2025-07-09,Monthly,69.99
HT_013425,2025-05-15,2025-05-22,1,2025-05-16,Monthly,69.99
HT_013456,2025-12-29,2026-01-05,0,,,0.0
HT_013479,2026-02-14,2026-02-21,1,2026-02-19,Monthly,24.99
HT_013480,2026-04-24,2026-05-01,1,2026-04-30,Monthly,69.99
HT_013484,2025-08-14,2025-08-21,1,2025-08-17,Yearly,69.99
HT_013493,2026-05-05,2026-05-12,0,,,0.0
HT_013500,2026-02-25,2026-03-04,0,,,0.0
HT_013508,2025-12-31,2026-01-07,1,2026-01-06,Yearly,9.99
HT_013514,2025-12-18,2025-12-25,1,2025-12-22,Monthly,69.99
HT_013516,2025-11-11,2025-11-18,1,2025-11-17,Monthly,69.99
HT_013522,2025-08-31,2025-09-07,1,2025-09-03,Monthly,24.99
HT_013524,2025-05-29,2025-06-05,1,2025-05-31,Yearly,69.99
HT_013529,2026-04-03,2026-04-10,0,,,0.0
HT_013538,2025-07-26,2025-08-02,0,,,0.0
HT_013540,2025-06-10,2025-06-17,1,2025-06-16,Yearly,69.99
HT_013560,2025-10-30,2025-11-06,1,2025-10-31,Monthly,24.99
HT_013571,2025-10-20,2025-10-27,0,,,0.0
HT_013583,2025-07-09,2025-07-16,1,2025-07-10,Monthly,69.99
HT_013605,2025-07-09,2025-07-16,0,,,0.0
HT_013640,2026-01-31,2026-02-07,1,2026-02-04,Quarterly,69.99
HT_013647,2025-12-30,2026-01-06,1,2025-12-31,Quarterly,69.99
HT_013654,2026-02-27,2026-03-06,1,2026-03-01,Yearly,69.99
HT_013664,2026-03-23,2026-03-30,0,,,0.0
HT_013669,2025-05-10,2025-05-17,0,,,0.0
HT_013674,2025-10-16,2025-10-23,1,2025-10-17,Monthly,69.99
HT_013704,2025-05-27,2025-06-03,1,2025-05-28,Yearly,9.99
HT_013710,2025-04-26,2025-05-03,1,2025-05-01,Monthly,69.99
HT_013712,2025-09-07,2025-09-14,1,2025-09-11,Quarterly,9.99
HT_013728,2026-03-11,2026-03-18,1,2026-03-12,Monthly,9.99
HT_013733,2025-09-26,2025-10-03,0,,,0.0
HT_013767,2025-08-26,2025-09-02,1,2025-08-27,Monthly,24.99
HT_013780,2025-09-12,2025-09-19,1,2025-09-15,Yearly,69.99
HT_013787,2025-10-14,2025-10-21,1,2025-10-16,Monthly,9.99
HT_013805,2025-04-21,2025-04-28,1,2025-04-25,Monthly,24.99
HT_013835,2025-09-10,2025-09-17,1,2025-09-14,Yearly,9.99
HT_013846,2025-06-23,2025-06-30,1,2025-06-29,Quarterly,69.99
HT_013850,2026-03-29,2026-04-05,1,2026-04-05,Monthly,69.99
HT_013865,2026-01-10,2026-01-17,1,2026-01-11,Yearly,24.99
HT_013867,2025-05-06,2025-05-13,0,,,0.0
HT_013874,2025-12-15,2025-12-22,0,,,0.0
HT_013884,2025-05-09,2025-05-16,1,2025-05-11,Monthly,9.99
HT_013895,2026-02-14,2026-02-21,0,,,0.0
HT_013905,2026-03-24,2026-03-31,1,2026-03-29,Yearly,24.99
HT_013909,2025-04-30,2025-05-07,0,,,0.0
HT_013914,2025-11-09,2025-11-16,0,,,0.0
HT_013921,2026-02-08,2026-02-15,0,,,0.0
HT_013928,2025-10-28,2025-11-04,0,,,0.0
HT_013939,2025-10-17,2025-10-24,1,2025-10-24,Monthly,9.99
HT_013946,2026-02-04,2026-02-11,0,,,0.0
HT_013954,2025-12-18,2025-12-25,0,,,0.0
HT_013959,2025-07-22,2025-07-29,1,2025-07-23,Quarterly,9.99
HT_013968,2025-07-25,2025-08-01,1,2025-07-27,Yearly,24.99
HT_013969,2026-01-22,2026-01-29,1,2026-01-24,Yearly,69.99
HT_013973,2026-04-15,2026-04-22,0,,,0.0
HT_013989,2025-08-08,2025-08-15,0,,,0.0
HT_013993,2025-10-09,2025-10-16,1,2025-10-13,Quarterly,69.99
HT_014010,2025-06-13,2025-06-20,0,,,0.0
HT_014015,2025-07-12,2025-07-19,1,2025-07-19,Quarterly,9.99
HT_014065,2026-01-06,2026-01-13,0,,,0.0
HT_014066,2025-06-24,2025-07-01,0,,,0.0
HT_014085,2025-08-27,2025-09-03,1,2025-08-29,Quarterly,69.99
HT_014086,2025-10-29,2025-11-05,1,2025-11-01,Yearly,9.99
HT_014096,2025-09-16,2025-09-23,0,,,0.0
HT_014103,2025-06-25,2025-07-02,1,2025-07-01,Yearly,24.99
HT_014112,2025-05-26,2025-06-02,1,2025-05-28,Yearly,24.99
HT_014120,2026-04-08,2026-04-15,1,2026-04-13,Quarterly,24.99
HT_014135,2025-07-21,2025-07-28,0,,,0.0
HT_014145,2025-07-18,2025-07-25,1,2025-07-24,Yearly,9.99
HT_014171,2025-11-13,2025-11-20,1,2025-11-19,Yearly,24.99
HT_014198,2025-08-08,2025-08-15,1,2025-08-09,Yearly,24.99
HT_014199,2026-02-15,2026-02-22,1,2026-02-21,Quarterly,24.99
HT_014200,2025-09-03,2025-09-10,1,2025-09-09,Yearly,69.99
HT_014202,2025-07-10,2025-07-17,1,2025-07-13,Monthly,69.99
HT_014209,2026-04-04,2026-04-11,0,,,0.0
HT_014271,2026-03-26,2026-04-02,0,,,0.0
HT_014282,2026-01-14,2026-01-21,1,2026-01-21,Monthly,24.99
HT_014291,2025-09-24,2025-10-01,1,2025-09-30,Monthly,24.99
HT_014308,2025-09-05,2025-09-12,1,2025-09-06,Yearly,9.99
HT_014320,2025-12-30,2026-01-06,0,,,0.0
HT_014324,2025-12-24,2025-12-31,1,2025-12-27,Yearly,69.99
HT_014330,2025-10-08,2025-10-15,0,,,0.0
HT_014347,2025-06-02,2025-06-09,1,2025-06-05,Monthly,69.99
HT_014353,2025-05-05,2025-05-12,1,2025-05-10,Quarterly,24.99
HT_014354,2025-09-22,2025-09-29,0,,,0.0
HT_014378,2026-02-08,2026-02-15,0,,,0.0
HT_014419,2025-11-07,2025-11-14,1,2025-11-13,Quarterly,9.99
HT_014424,2025-08-28,2025-09-04,1,2025-08-29,Yearly,24.99
HT_014437,2025-06-25,2025-07-02,1,2025-06-26,Quarterly,9.99
HT_014449,2025-05-20,2025-05-27,1,2025-05-24,Monthly,69.99
HT_014461,2025-06-19,2025-06-26,1,2025-06-25,Quarterly,24.99
HT_014469,2025-09-10,2025-09-17,0,,,0.0
HT_014470,2026-01-16,2026-01-23,0,,,0.0
HT_014489,2025-06-16,2025-06-23,1,2025-06-18,Quarterly,69.99
HT_014493,2025-05-15,2025-05-22,1,2025-05-18,Monthly,9.99
HT_014530,2026-03-16,2026-03-23,0,,,0.0
HT_014547,2025-06-27,2025-07-04,0,,,0.0
HT_014548,2026-01-25,2026-02-01,0,,,0.0
HT_014549,2025-08-13,2025-08-20,1,2025-08-14,Yearly,9.99
HT_014587,2026-01-11,2026-01-18,0,,,0.0
HT_014590,2025-07-15,2025-07-22,0,,,0.0
HT_014602,2025-11-22,2025-11-29,0,,,0.0
HT_014603,2025-08-27,2025-09-03,1,2025-09-02,Quarterly,24.99
HT_014620,2026-03-19,2026-03-26,1,2026-03-22,Quarterly,9.99
HT_014628,2025-08-31,2025-09-07,0,,,0.0
HT_014631,2026-03-03,2026-03-10,0,,,0.0
HT_014644,2025-07-31,2025-08-07,0,,,0.0
HT_014653,2026-03-13,2026-03-20,1,2026-03-16,Quarterly,24.99
HT_014669,2025-10-21,2025-10-28,1,2025-10-24,Yearly,24.99
HT_014672,2025-07-16,2025-07-23,1,2025-07-23,Quarterly,24.99
HT_014683,2025-11-02,2025-11-09,0,,,0.0
HT_014690,2025-10-12,2025-10-19,1,2025-10-14,Quarterly,9.99
HT_014694,2025-05-11,2025-05-18,1,2025-05-16,Quarterly,24.99
HT_014698,2025-09-04,2025-09-11,1,2025-09-07,Quarterly,9.99
HT_014722,2026-03-07,2026-03-14,0,,,0.0
HT_014727,2026-03-25,2026-04-01,1,2026-03-28,Yearly,69.99
HT_014734,2025-07-26,2025-08-02,0,,,0.0
HT_014742,2025-07-29,2025-08-05,1,2025-08-03,Quarterly,9.99
HT_014754,2026-01-29,2026-02-05,1,2026-02-04,Monthly,24.99
HT_014758,2025-08-24,2025-08-31,1,2025-08-31,Yearly,24.99
HT_014759,2026-03-06,2026-03-13,1,2026-03-07,Yearly,69.99
HT_014770,2025-10-27,2025-11-03,1,2025-10-31,Yearly,24.99
HT_014787,2026-03-11,2026-03-18,1,2026-03-12,Yearly,69.99
HT_014790,2025-12-06,2025-12-13,0,,,0.0
HT_014806,2026-04-11,2026-04-18,0,,,0.0
HT_014819,2025-05-25,2025-06-01,0,,,0.0
HT_014856,2026-02-14,2026-02-21,1,2026-02-16,Quarterly,24.99
HT_014865,2025-09-23,2025-09-30,0,,,0.0
HT_014884,2025-09-12,2025-09-19,1,2025-09-15,Quarterly,9.99
HT_014914,2026-03-23,2026-03-30,1,2026-03-29,Yearly,24.99
HT_014917,2025-06-22,2025-06-29,0,,,0.0
HT_014929,2025-06-25,2025-07-02,0,,,0.0
HT_014941,2026-04-24,2026-05-01,0,,,0.0
HT_014960,2026-04-09,2026-04-16,1,2026-04-16,Yearly,69.99
HT_014968,2026-04-08,2026-04-15,1,2026-04-15,Quarterly,69.99
HT_014991,2026-01-23,2026-01-30,1,2026-01-29,Monthly,69.99
HT_015002,2025-10-28,2025-11-04,1,2025-11-03,Monthly,9.99
HT_015020,2025-07-11,2025-07-18,1,2025-07-14,Yearly,69.99
HT_015023,2025-05-14,2025-05-21,1,2025-05-20,Quarterly,69.99
HT_015031,2026-01-06,2026-01-13,1,2026-01-08,Quarterly,69.99
HT_015033,2026-04-22,2026-04-29,1,2026-04-29,Quarterly,9.99
HT_015042,2025-06-29,2025-07-06,1,2025-07-05,Monthly,9.99
HT_015048,2025-10-11,2025-10-18,1,2025-10-17,Monthly,9.99
HT_015051,2025-12-13,2025-12-20,0,,,0.0
HT_015058,2025-06-17,2025-06-24,1,2025-06-21,Monthly,69.99
HT_015085,2026-03-13,2026-03-20,1,2026-03-16,Monthly,24.99
HT_015101,2025-08-27,2025-09-03,1,2025-08-29,Quarterly,9.99
HT_015102,2025-09-02,2025-09-09,1,2025-09-06,Quarterly,69.99
HT_015105,2025-08-06,2025-08-13,1,2025-08-08,Monthly,69.99
HT_015107,2026-05-07,2026-05-14,1,2026-05-14,Quarterly,69.99
HT_015112,2026-04-01,2026-04-08,1,2026-04-07,Monthly,24.99
HT_015126,2025-10-02,2025-10-09,0,,,0.0
HT_015138,2026-02-23,2026-03-02,1,2026-03-01,Quarterly,69.99
HT_015141,2025-08-08,2025-08-15,1,2025-08-10,Yearly,24.99
HT_015157,2025-10-03,2025-10-10,1,2025-10-10,Yearly,9.99
HT_015167,2026-03-12,2026-03-19,0,,,0.0
HT_015173,2026-02-04,2026-02-11,1,2026-02-09,Quarterly,24.99
HT_015174,2025-08-19,2025-08-26,0,,,0.0
HT_015183,2025-08-06,2025-08-13,1,2025-08-08,Quarterly,24.99
HT_015197,2026-04-24,2026-05-01,1,2026-04-26,Monthly,69.99
HT_015202,2026-03-24,2026-03-31,0,,,0.0
HT_015205,2025-12-26,2026-01-02,1,2025-12-28,Yearly,9.99
HT_015208,2025-12-11,2025-12-18,0,,,0.0
HT_015214,2025-11-30,2025-12-07,0,,,0.0
HT_015248,2025-07-27,2025-08-03,1,2025-07-28,Monthly,24.99
HT_015250,2026-03-23,2026-03-30,0,,,0.0
HT_015256,2025-05-03,2025-05-10,1,2025-05-09,Yearly,69.99
HT_015274,2025-12-24,2025-12-31,1,2025-12-25,Yearly,24.99
HT_015294,2025-12-06,2025-12-13,1,2025-12-13,Quarterly,24.99
HT_015295,2026-01-12,2026-01-19,1,2026-01-16,Monthly,24.99
HT_015300,2025-06-22,2025-06-29,1,2025-06-25,Quarterly,69.99
HT_015303,2026-04-17,2026-04-24,1,2026-04-22,Quarterly,69.99
HT_015309,2026-02-17,2026-02-24,0,,,0.0
HT_015313,2025-10-28,2025-11-04,0,,,0.0
HT_015329,2025-07-26,2025-08-02,0,,,0.0
HT_015333,2026-03-19,2026-03-26,0,,,0.0
HT_015334,2026-01-10,2026-01-17,1,2026-01-15,Quarterly,24.99
HT_015338,2026-03-21,2026-03-28,1,2026-03-28,Monthly,69.99
HT_015342,2025-12-05,2025-12-12,0,,,0.0
HT_015343,2026-02-09,2026-02-16,1,2026-02-12,Quarterly,24.99
HT_015349,2025-04-27,2025-05-04,0,,,0.0
HT_015358,2025-10-26,2025-11-02,1,2025-10-27,Quarterly,24.99
HT_015359,2026-03-04,2026-03-11,1,2026-03-09,Yearly,9.99
HT_015362,2025-06-20,2025-06-27,0,,,0.0
HT_015365,2025-09-02,2025-09-09,1,2025-09-03,Monthly,24.99
HT_015366,2025-05-29,2025-06-05,0,,,0.0
HT_015371,2025-11-21,2025-11-28,1,2025-11-25,Monthly,9.99
HT_015375,2026-02-01,2026-02-08,1,2026-02-03,Monthly,69.99
HT_015377,2026-02-22,2026-03-01,1,2026-02-24,Quarterly,9.99
HT_015381,2025-07-01,2025-07-08,0,,,0.0
HT_015397,2025-10-28,2025-11-04,1,2025-10-30,Quarterly,69.99
HT_015409,2025-11-12,2025-11-19,1,2025-11-15,Quarterly,69.99
HT_015411,2025-11-25,2025-12-02,1,2025-11-30,Quarterly,9.99
HT_015414,2026-01-08,2026-01-15,1,2026-01-12,Yearly,69.99
HT_015418,2026-02-17,2026-02-24,0,,,0.0
HT_015420,2025-10-24,2025-10-31,0,,,0.0
HT_015445,2025-08-07,2025-08-14,1,2025-08-09,Yearly,69.99
HT_015447,2026-03-08,2026-03-15,1,2026-03-12,Quarterly,24.99
HT_015448,2025-07-25,2025-08-01,1,2025-07-27,Quarterly,24.99
HT_015455,2025-05-09,2025-05-16,1,2025-05-12,Quarterly,9.99
HT_015463,2026-03-11,2026-03-18,0,,,0.0
HT_015476,2026-01-16,2026-01-23,0,,,0.0
HT_015478,2026-04-01,2026-04-08,1,2026-04-03,Quarterly,69.99
HT_015522,2025-11-17,2025-11-24,0,,,0.0
HT_015525,2026-01-06,2026-01-13,1,2026-01-13,Yearly,24.99
HT_015526,2025-10-26,2025-11-02,1,2025-10-31,Monthly,9.99
HT_015534,2025-12-13,2025-12-20,1,2025-12-20,Yearly,69.99
HT_015552,2025-07-06,2025-07-13,1,2025-07-11,Monthly,24.99
HT_015559,2026-01-27,2026-02-03,1,2026-01-31,Monthly,24.99
HT_015572,2026-04-12,2026-04-19,1,2026-04-13,Quarterly,69.99
HT_015578,2025-06-23,2025-06-30,0,,,0.0
HT_015586,2025-10-30,2025-11-06,1,2025-11-04,Quarterly,24.99
HT_015589,2025-11-23,2025-11-30,1,2025-11-25,Yearly,69.99
HT_015594,2026-04-24,2026-05-01,1,2026-04-28,Monthly,9.99
HT_015630,2025-10-06,2025-10-13,0,,,0.0
HT_015634,2025-08-16,2025-08-23,1,2025-08-18,Monthly,69.99
HT_015642,2026-01-13,2026-01-20,0,,,0.0
HT_015645,2026-04-24,2026-05-01,0,,,0.0
HT_015666,2025-07-16,2025-07-23,1,2025-07-22,Yearly,9.99
HT_015686,2025-06-12,2025-06-19,1,2025-06-13,Quarterly,24.99
HT_015692,2026-04-27,2026-05-04,1,2026-05-01,Quarterly,9.99
HT_015718,2025-11-27,2025-12-04,1,2025-12-01,Yearly,69.99
HT_015724,2025-08-30,2025-09-06,0,,,0.0
HT_015729,2025-09-16,2025-09-23,1,2025-09-18,Quarterly,69.99
HT_015737,2025-12-30,2026-01-06,0,,,0.0
HT_015740,2025-05-25,2025-06-01,1,2025-05-30,Monthly,69.99
HT_015744,2025-06-25,2025-07-02,1,2025-06-29,Yearly,69.99
HT_015754,2025-09-17,2025-09-24,1,2025-09-18,Yearly,9.99
HT_015761,2025-11-11,2025-11-18,1,2025-11-18,Monthly,24.99
HT_015766,2026-04-06,2026-04-13,1,2026-04-12,Yearly,69.99
HT_015771,2025-12-07,2025-12-14,1,2025-12-13,Monthly,69.99
HT_015774,2025-04-27,2025-05-04,1,2025-05-04,Yearly,24.99
HT_015788,2025-08-17,2025-08-24,1,2025-08-19,Monthly,24.99
HT_015793,2025-10-09,2025-10-16,0,,,0.0
HT_015796,2025-05-12,2025-05-19,0,,,0.0
HT_015812,2025-07-04,2025-07-11,1,2025-07-11,Quarterly,24.99
HT_015813,2025-05-18,2025-05-25,1,2025-05-21,Monthly,24.99
HT_015814,2025-11-13,2025-11-20,1,2025-11-14,Monthly,9.99
HT_015820,2025-09-07,2025-09-14,1,2025-09-10,Monthly,69.99
HT_015829,2026-03-02,2026-03-09,0,,,0.0
HT_015840,2025-09-06,2025-09-13,1,2025-09-12,Quarterly,9.99
HT_015860,2026-03-18,2026-03-25,1,2026-03-21,Quarterly,24.99
HT_015874,2025-06-22,2025-06-29,1,2025-06-25,Yearly,69.99
HT_015883,2025-12-19,2025-12-26,0,,,0.0
HT_015885,2025-05-14,2025-05-21,0,,,0.0
HT_015899,2026-04-19,2026-04-26,1,2026-04-24,Yearly,24.99
HT_015904,2025-09-18,2025-09-25,1,2025-09-24,Yearly,69.99
HT_015905,2025-05-05,2025-05-12,0,,,0.0
HT_015909,2026-03-25,2026-04-01,0,,,0.0
HT_015917,2025-11-17,2025-11-24,1,2025-11-24,Yearly,9.99
HT_015926,2025-05-20,2025-05-27,1,2025-05-23,Monthly,69.99
HT_015931,2025-09-17,2025-09-24,1,2025-09-24,Quarterly,9.99
HT_015990,2025-06-29,2025-07-06,1,2025-07-06,Monthly,69.99
HT_016000,2025-08-07,2025-08-14,0,,,0.0
HT_016021,2026-04-08,2026-04-15,0,,,0.0
HT_016023,2025-07-25,2025-08-01,1,2025-07-26,Monthly,24.99
HT_016043,2025-10-31,2025-11-07,1,2025-11-05,Yearly,9.99
HT_016054,2026-02-28,2026-03-07,1,2026-03-07,Monthly,69.99
HT_016057,2025-12-20,2025-12-27,0,,,0.0
HT_016059,2025-08-31,2025-09-07,0,,,0.0
HT_016063,2026-04-15,2026-04-22,1,2026-04-20,Monthly,69.99
HT_016064,2026-04-04,2026-04-11,1,2026-04-06,Monthly,9.99
HT_016081,2025-05-10,2025-05-17,1,2025-05-11,Yearly,69.99
HT_016084,2026-01-13,2026-01-20,1,2026-01-18,Yearly,9.99
HT_016124,2025-07-31,2025-08-07,0,,,0.0
HT_016125,2026-01-20,2026-01-27,1,2026-01-25,Yearly,69.99
HT_016155,2026-02-11,2026-02-18,1,2026-02-14,Monthly,24.99
HT_016163,2026-02-26,2026-03-05,1,2026-03-04,Quarterly,24.99
HT_016171,2025-12-06,2025-12-13,1,2025-12-10,Quarterly,69.99
HT_016178,2025-09-20,2025-09-27,1,2025-09-22,Yearly,9.99
HT_016210,2026-02-02,2026-02-09,1,2026-02-08,Yearly,9.99
HT_016216,2026-04-07,2026-04-14,1,2026-04-12,Quarterly,69.99
HT_016217,2025-07-03,2025-07-10,1,2025-07-10,Monthly,9.99
HT_016218,2025-10-11,2025-10-18,1,2025-10-17,Quarterly,24.99
HT_016251,2026-04-07,2026-04-14,1,2026-04-11,Quarterly,24.99
HT_016257,2025-11-30,2025-12-07,1,2025-12-05,Yearly,24.99
HT_016259,2025-11-05,2025-11-12,1,2025-11-07,Monthly,24.99
HT_016270,2026-02-01,2026-02-08,0,,,0.0
HT_016278,2026-01-06,2026-01-13,1,2026-01-09,Yearly,24.99
HT_016288,2026-02-25,2026-03-04,1,2026-03-01,Yearly,9.99
HT_016305,2026-03-24,2026-03-31,1,2026-03-29,Quarterly,69.99
HT_016325,2025-07-20,2025-07-27,1,2025-07-22,Monthly,69.99
HT_016327,2026-02-11,2026-02-18,1,2026-02-13,Yearly,9.99
HT_016337,2026-04-16,2026-04-23,1,2026-04-17,Monthly,24.99
HT_016343,2025-09-14,2025-09-21,1,2025-09-20,Yearly,24.99
HT_016359,2025-09-09,2025-09-16,0,,,0.0
HT_016362,2025-12-05,2025-12-12,1,2025-12-06,Yearly,24.99
HT_016365,2025-09-06,2025-09-13,0,,,0.0
HT_016379,2026-04-06,2026-04-13,1,2026-04-09,Monthly,9.99
HT_016391,2025-12-16,2025-12-23,0,,,0.0
HT_016405,2025-05-24,2025-05-31,1,2025-05-25,Quarterly,69.99
HT_016422,2025-11-24,2025-12-01,0,,,0.0
HT_016430,2025-11-28,2025-12-05,0,,,0.0
HT_016431,2025-09-16,2025-09-23,0,,,0.0
HT_016437,2025-07-24,2025-07-31,0,,,0.0
HT_016447,2025-07-01,2025-07-08,1,2025-07-03,Yearly,69.99
HT_016463,2025-09-04,2025-09-11,1,2025-09-08,Yearly,24.99
HT_016469,2025-12-24,2025-12-31,1,2025-12-30,Yearly,9.99
HT_016478,2025-05-06,2025-05-13,1,2025-05-07,Monthly,9.99
HT_016487,2025-07-09,2025-07-16,1,2025-07-15,Yearly,24.99
HT_016498,2025-12-04,2025-12-11,1,2025-12-06,Monthly,9.99
HT_016503,2025-12-08,2025-12-15,1,2025-12-15,Monthly,69.99
HT_016506,2025-07-28,2025-08-04,0,,,0.0
HT_016509,2026-02-22,2026-03-01,1,2026-02-23,Quarterly,69.99
HT_016512,2025-12-11,2025-12-18,0,,,0.0
HT_016513,2025-07-05,2025-07-12,0,,,0.0
HT_016516,2026-01-05,2026-01-12,1,2026-01-08,Monthly,9.99
HT_016518,2025-12-07,2025-12-14,0,,,0.0
HT_016522,2025-09-06,2025-09-13,1,2025-09-09,Quarterly,9.99
HT_016534,2026-01-04,2026-01-11,1,2026-01-05,Yearly,9.99
HT_016540,2025-09-19,2025-09-26,1,2025-09-23,Yearly,69.99
HT_016553,2025-06-20,2025-06-27,1,2025-06-24,Quarterly,24.99
HT_016556,2025-06-28,2025-07-05,1,2025-07-04,Quarterly,69.99
HT_016567,2026-02-05,2026-02-12,0,,,0.0
HT_016576,2025-12-09,2025-12-16,0,,,0.0
HT_016577,2026-04-24,2026-05-01,1,2026-04-27,Yearly,69.99
HT_016595,2026-02-17,2026-02-24,1,2026-02-19,Quarterly,9.99
HT_016596,2026-05-02,2026-05-09,0,,,0.0
HT_016597,2025-06-14,2025-06-21,1,2025-06-17,Quarterly,24.99
HT_016601,2026-03-06,2026-03-13,1,2026-03-07,Monthly,24.99
HT_016612,2025-07-07,2025-07-14,1,2025-07-12,Yearly,9.99
HT_016613,2026-01-24,2026-01-31,1,2026-01-31,Monthly,9.99
HT_016617,2025-11-19,2025-11-26,1,2025-11-20,Yearly,9.99
HT_016622,2025-05-30,2025-06-06,0,,,0.0
HT_016628,2026-04-10,2026-04-17,1,2026-04-11,Monthly,69.99
HT_016642,2025-09-04,2025-09-11,1,2025-09-10,Monthly,9.99
HT_016645,2025-09-13,2025-09-20,0,,,0.0
HT_016651,2025-09-07,2025-09-14,1,2025-09-08,Quarterly,9.99
HT_016653,2025-11-25,2025-12-02,1,2025-12-02,Quarterly,69.99
HT_016654,2026-02-19,2026-02-26,1,2026-02-25,Yearly,69.99
HT_016663,2025-09-04,2025-09-11,1,2025-09-06,Quarterly,24.99
HT_016667,2025-12-29,2026-01-05,1,2025-12-31,Monthly,69.99
HT_016686,2026-03-30,2026-04-06,1,2026-04-04,Monthly,9.99
HT_016701,2025-10-22,2025-10-29,0,,,0.0
HT_016784,2026-01-15,2026-01-22,1,2026-01-20,Quarterly,69.99
HT_016796,2025-09-30,2025-10-07,1,2025-10-06,Quarterly,69.99
HT_016797,2025-09-16,2025-09-23,1,2025-09-23,Yearly,9.99
HT_016804,2026-03-02,2026-03-09,1,2026-03-06,Quarterly,9.99
HT_016805,2026-04-02,2026-04-09,1,2026-04-04,Monthly,24.99
HT_016806,2025-08-29,2025-09-05,0,,,0.0
HT_016813,2025-12-13,2025-12-20,1,2025-12-16,Monthly,24.99
HT_016818,2025-06-09,2025-06-16,1,2025-06-11,Monthly,24.99
HT_016822,2025-08-02,2025-08-09,0,,,0.0
HT_016826,2025-08-05,2025-08-12,0,,,0.0
HT_016832,2025-11-09,2025-11-16,1,2025-11-15,Quarterly,24.99
HT_016834,2026-03-11,2026-03-18,0,,,0.0
HT_016836,2025-09-16,2025-09-23,0,,,0.0
HT_016857,2025-09-02,2025-09-09,1,2025-09-06,Yearly,9.99
HT_016869,2025-09-18,2025-09-25,0,,,0.0
HT_016899,2025-10-21,2025-10-28,1,2025-10-25,Yearly,9.99
HT_016903,2025-06-07,2025-06-14,1,2025-06-11,Quarterly,69.99
HT_016916,2025-12-22,2025-12-29,0,,,0.0
HT_016945,2026-04-07,2026-04-14,0,,,0.0
HT_016975,2025-11-01,2025-11-08,1,2025-11-03,Yearly,9.99
HT_016978,2026-03-11,2026-03-18,1,2026-03-13,Monthly,69.99
HT_016985,2025-08-27,2025-09-03,0,,,0.0
HT_016990,2026-02-17,2026-02-24,1,2026-02-22,Yearly,24.99
HT_016992,2025-11-26,2025-12-03,1,2025-12-03,Yearly,24.99
HT_017002,2025-05-14,2025-05-21,1,2025-05-21,Monthly,24.99
HT_017009,2025-10-28,2025-11-04,1,2025-11-04,Yearly,9.99
HT_017017,2026-03-30,2026-04-06,1,2026-04-02,Quarterly,24.99
HT_017038,2025-08-08,2025-08-15,0,,,0.0
HT_017072,2026-03-17,2026-03-24,0,,,0.0
HT_017083,2025-07-22,2025-07-29,0,,,0.0
HT_017085,2026-04-04,2026-04-11,0,,,0.0
HT_017087,2026-02-26,2026-03-05,1,2026-03-05,Quarterly,24.99
HT_017093,2025-06-20,2025-06-27,0,,,0.0
HT_017134,2026-03-06,2026-03-13,1,2026-03-07,Yearly,69.99
HT_017159,2025-08-21,2025-08-28,0,,,0.0
HT_017185,2026-04-01,2026-04-08,0,,,0.0
HT_017193,2026-01-31,2026-02-07,1,2026-02-02,Quarterly,24.99
HT_017211,2026-01-16,2026-01-23,1,2026-01-19,Yearly,69.99
HT_017216,2025-05-15,2025-05-22,0,,,0.0
HT_017220,2026-04-03,2026-04-10,1,2026-04-07,Quarterly,9.99
HT_017228,2026-04-15,2026-04-22,1,2026-04-21,Quarterly,9.99
HT_017240,2026-02-14,2026-02-21,1,2026-02-15,Quarterly,24.99
HT_017303,2026-02-17,2026-02-24,0,,,0.0
HT_017345,2025-11-16,2025-11-23,1,2025-11-23,Quarterly,69.99
HT_017359,2026-04-17,2026-04-24,1,2026-04-20,Yearly,69.99
HT_017370,2026-04-05,2026-04-12,0,,,0.0
HT_017388,2025-11-11,2025-11-18,1,2025-11-18,Quarterly,24.99
HT_017402,2025-05-09,2025-05-16,1,2025-05-13,Monthly,9.99
HT_017426,2026-02-28,2026-03-07,1,2026-03-05,Quarterly,69.99
HT_017427,2025-10-05,2025-10-12,1,2025-10-06,Quarterly,24.99
HT_017432,2026-03-25,2026-04-01,0,,,0.0
HT_017436,2025-10-15,2025-10-22,1,2025-10-18,Yearly,69.99
HT_017441,2025-07-20,2025-07-27,1,2025-07-26,Quarterly,9.99
HT_017446,2026-04-19,2026-04-26,1,2026-04-26,Quarterly,9.99
HT_017452,2025-09-17,2025-09-24,1,2025-09-20,Yearly,69.99
HT_017453,2025-05-21,2025-05-28,0,,,0.0
HT_017463,2025-08-05,2025-08-12,1,2025-08-06,Quarterly,69.99
HT_017472,2026-03-07,2026-03-14,1,2026-03-14,Quarterly,24.99
HT_017488,2025-12-10,2025-12-17,1,2025-12-16,Monthly,24.99
HT_017505,2026-04-25,2026-05-02,0,,,0.0
HT_017512,2025-05-17,2025-05-24,1,2025-05-18,Monthly,24.99
HT_017518,2026-02-16,2026-02-23,0,,,0.0
HT_017528,2026-03-21,2026-03-28,0,,,0.0
HT_017542,2025-11-16,2025-11-23,1,2025-11-21,Yearly,69.99
HT_017547,2025-11-09,2025-11-16,0,,,0.0
HT_017554,2025-10-20,2025-10-27,0,,,0.0
HT_017563,2025-06-16,2025-06-23,1,2025-06-20,Monthly,24.99
HT_017565,2025-09-13,2025-09-20,1,2025-09-15,Yearly,69.99
HT_017585,2026-03-03,2026-03-10,1,2026-03-09,Quarterly,69.99
HT_017594,2025-11-05,2025-11-12,1,2025-11-08,Monthly,24.99
HT_017606,2025-12-12,2025-12-19,1,2025-12-19,Yearly,69.99
HT_017613,2025-06-22,2025-06-29,1,2025-06-28,Monthly,24.99
HT_017621,2025-08-10,2025-08-17,1,2025-08-15,Yearly,69.99
HT_017646,2025-08-13,2025-08-20,0,,,0.0
HT_017655,2025-06-19,2025-06-26,1,2025-06-25,Monthly,9.99
HT_017692,2025-08-03,2025-08-10,1,2025-08-06,Quarterly,9.99
HT_017701,2026-03-01,2026-03-08,1,2026-03-08,Monthly,69.99
HT_017707,2025-06-11,2025-06-18,1,2025-06-17,Yearly,9.99
HT_017717,2026-04-23,2026-04-30,1,2026-04-24,Quarterly,9.99
HT_017723,2025-12-11,2025-12-18,0,,,0.0
HT_017724,2025-07-19,2025-07-26,1,2025-07-23,Yearly,69.99
HT_017730,2025-10-26,2025-11-02,0,,,0.0
HT_017747,2025-06-18,2025-06-25,1,2025-06-21,Monthly,9.99
HT_017754,2025-06-27,2025-07-04,1,2025-07-02,Monthly,9.99
HT_017761,2025-12-24,2025-12-31,1,2025-12-25,Yearly,9.99
HT_017771,2025-12-11,2025-12-18,1,2025-12-18,Quarterly,69.99
HT_017773,2025-12-09,2025-12-16,0,,,0.0
HT_017778,2026-01-06,2026-01-13,0,,,0.0
HT_017787,2025-10-31,2025-11-07,0,,,0.0
HT_017807,2025-07-01,2025-07-08,1,2025-07-05,Monthly,69.99
HT_017815,2025-05-26,2025-06-02,1,2025-06-01,Monthly,9.99
HT_017819,2026-03-20,2026-03-27,1,2026-03-25,Monthly,69.99
HT_017822,2025-05-14,2025-05-21,0,,,0.0
HT_017824,2025-09-25,2025-10-02,1,2025-09-27,Yearly,24.99
HT_017843,2025-08-07,2025-08-14,0,,,0.0
HT_017848,2025-09-08,2025-09-15,1,2025-09-15,Yearly,69.99
HT_017854,2025-06-16,2025-06-23,1,2025-06-21,Yearly,69.99
HT_017867,2025-06-21,2025-06-28,1,2025-06-23,Quarterly,69.99
HT_017869,2026-02-13,2026-02-20,0,,,0.0
HT_017885,2026-01-19,2026-01-26,1,2026-01-21,Quarterly,69.99
HT_017886,2025-05-03,2025-05-10,1,2025-05-04,Yearly,9.99
HT_017887,2025-09-01,2025-09-08,0,,,0.0
HT_017896,2026-01-27,2026-02-03,0,,,0.0
HT_017908,2025-05-03,2025-05-10,1,2025-05-06,Yearly,69.99
HT_017909,2025-05-28,2025-06-04,1,2025-06-03,Quarterly,69.99
HT_017926,2025-12-15,2025-12-22,1,2025-12-21,Quarterly,24.99
HT_017933,2025-07-21,2025-07-28,0,,,0.0
HT_017934,2025-11-08,2025-11-15,0,,,0.0
HT_017948,2025-08-02,2025-08-09,1,2025-08-04,Monthly,69.99
HT_017963,2025-10-14,2025-10-21,1,2025-10-21,Quarterly,24.99
HT_017964,2025-06-14,2025-06-21,0,,,0.0
HT_017987,2025-11-12,2025-11-19,1,2025-11-17,Quarterly,69.99
HT_017988,2025-12-15,2025-12-22,1,2025-12-19,Quarterly,24.99
HT_018004,2025-08-31,2025-09-07,1,2025-09-04,Monthly,9.99
HT_018008,2026-04-21,2026-04-28,0,,,0.0
HT_018032,2026-02-15,2026-02-22,0,,,0.0
HT_018036,2026-02-15,2026-02-22,0,,,0.0
HT_018042,2025-09-09,2025-09-16,1,2025-09-13,Quarterly,9.99
HT_018063,2025-10-10,2025-10-17,0,,,0.0
HT_018072,2025-09-15,2025-09-22,1,2025-09-21,Yearly,24.99
HT_018077,2025-06-21,2025-06-28,0,,,0.0
HT_018105,2025-11-02,2025-11-09,1,2025-11-09,Monthly,24.99
HT_018110,2026-03-06,2026-03-13,0,,,0.0
HT_018115,2026-03-18,2026-03-25,1,2026-03-19,Monthly,9.99
HT_018153,2025-12-02,2025-12-09,0,,,0.0
HT_018159,2025-09-24,2025-10-01,1,2025-09-29,Yearly,24.99
HT_018163,2026-02-18,2026-02-25,1,2026-02-24,Quarterly,69.99
HT_018166,2026-03-22,2026-03-29,0,,,0.0
HT_018167,2025-05-01,2025-05-08,1,2025-05-04,Yearly,24.99
HT_018177,2025-07-26,2025-08-02,1,2025-07-27,Quarterly,69.99
HT_018186,2025-07-04,2025-07-11,1,2025-07-05,Monthly,24.99
HT_018188,2025-05-28,2025-06-04,0,,,0.0
HT_018212,2026-03-15,2026-03-22,1,2026-03-22,Yearly,24.99
HT_018227,2026-02-20,2026-02-27,1,2026-02-22,Monthly,24.99
HT_018236,2025-08-30,2025-09-06,1,2025-09-06,Quarterly,24.99
HT_018244,2026-02-06,2026-02-13,1,2026-02-11,Monthly,9.99
HT_018250,2025-06-06,2025-06-13,1,2025-06-12,Monthly,24.99
HT_018256,2025-06-03,2025-06-10,0,,,0.0
HT_018263,2026-04-02,2026-04-09,1,2026-04-04,Yearly,69.99
HT_018275,2025-11-15,2025-11-22,0,,,0.0
HT_018280,2025-08-17,2025-08-24,1,2025-08-21,Monthly,24.99
HT_018288,2025-09-25,2025-10-02,1,2025-09-29,Quarterly,69.99
HT_018293,2025-06-07,2025-06-14,0,,,0.0
HT_018299,2025-08-22,2025-08-29,1,2025-08-25,Quarterly,9.99
HT_018304,2026-04-02,2026-04-09,1,2026-04-04,Monthly,69.99
HT_018309,2026-03-26,2026-04-02,1,2026-03-31,Quarterly,69.99
HT_018313,2025-08-06,2025-08-13,0,,,0.0
HT_018333,2025-08-21,2025-08-28,1,2025-08-22,Monthly,24.99
HT_018352,2025-07-17,2025-07-24,1,2025-07-24,Quarterly,24.99
HT_018363,2026-02-15,2026-02-22,0,,,0.0
HT_018364,2025-11-24,2025-12-01,0,,,0.0
HT_018378,2026-01-17,2026-01-24,1,2026-01-21,Quarterly,69.99
HT_018384,2025-11-16,2025-11-23,1,2025-11-18,Monthly,9.99
HT_018404,2025-11-11,2025-11-18,0,,,0.0
HT_018413,2025-09-11,2025-09-18,0,,,0.0
HT_018425,2026-03-24,2026-03-31,0,,,0.0
HT_018427,2025-05-19,2025-05-26,0,,,0.0
HT_018429,2026-04-22,2026-04-29,1,2026-04-29,Monthly,9.99
HT_018441,2025-06-11,2025-06-18,1,2025-06-12,Yearly,9.99
HT_018450,2025-12-14,2025-12-21,1,2025-12-20,Quarterly,9.99
HT_018463,2025-08-17,2025-08-24,1,2025-08-21,Monthly,9.99
HT_018469,2025-05-11,2025-05-18,1,2025-05-12,Monthly,9.99
HT_018471,2026-03-28,2026-04-04,0,,,0.0
HT_018477,2025-10-21,2025-10-28,1,2025-10-26,Quarterly,69.99
HT_018499,2026-02-09,2026-02-16,0,,,0.0
HT_018506,2025-09-03,2025-09-10,0,,,0.0
HT_018521,2025-08-02,2025-08-09,1,2025-08-04,Yearly,24.99
HT_018534,2025-08-15,2025-08-22,1,2025-08-21,Quarterly,24.99
HT_018541,2026-04-02,2026-04-09,1,2026-04-08,Monthly,69.99
HT_018561,2026-04-03,2026-04-10,1,2026-04-04,Quarterly,69.99
HT_018612,2025-12-21,2025-12-28,0,,,0.0
HT_018634,2025-09-18,2025-09-25,1,2025-09-24,Quarterly,69.99
HT_018639,2025-06-23,2025-06-30,1,2025-06-29,Quarterly,24.99
HT_018645,2025-12-22,2025-12-29,1,2025-12-25,Yearly,69.99
HT_018649,2026-02-11,2026-02-18,0,,,0.0
HT_018653,2025-10-12,2025-10-19,1,2025-10-16,Yearly,69.99
HT_018658,2026-03-26,2026-04-02,0,,,0.0
HT_018670,2026-03-12,2026-03-19,1,2026-03-17,Quarterly,69.99
HT_018673,2025-07-05,2025-07-12,0,,,0.0
HT_018688,2026-04-19,2026-04-26,1,2026-04-20,Yearly,69.99
HT_018707,2026-04-25,2026-05-02,1,2026-04-29,Quarterly,69.99
HT_018710,2026-03-16,2026-03-23,1,2026-03-22,Monthly,9.99
HT_018717,2026-01-11,2026-01-18,1,2026-01-17,Quarterly,24.99
HT_018731,2025-05-15,2025-05-22,1,2025-05-17,Monthly,24.99
HT_018732,2025-12-25,2026-01-01,1,2025-12-28,Yearly,69.99
HT_018733,2025-12-07,2025-12-14,1,2025-12-13,Yearly,69.99
HT_018737,2025-10-22,2025-10-29,0,,,0.0
HT_018738,2025-10-17,2025-10-24,1,2025-10-24,Quarterly,9.99
HT_018762,2025-09-01,2025-09-08,1,2025-09-07,Monthly,9.99
HT_018764,2025-09-05,2025-09-12,0,,,0.0
HT_018779,2025-12-21,2025-12-28,0,,,0.0
HT_018800,2025-12-13,2025-12-20,1,2025-12-16,Quarterly,9.99
HT_018801,2026-04-02,2026-04-09,1,2026-04-09,Yearly,24.99
HT_018856,2025-06-10,2025-06-17,1,2025-06-11,Monthly,24.99
HT_018862,2025-06-21,2025-06-28,0,,,0.0
HT_018863,2025-04-19,2025-04-26,1,2025-04-25,Yearly,24.99
HT_018866,2025-09-11,2025-09-18,1,2025-09-12,Yearly,69.99
HT_018885,2025-12-28,2026-01-04,1,2025-12-29,Yearly,69.99
HT_018902,2026-02-18,2026-02-25,0,,,0.0
HT_018909,2025-09-13,2025-09-20,1,2025-09-19,Quarterly,24.99
HT_018925,2026-01-29,2026-02-05,1,2026-01-30,Monthly,24.99
HT_018940,2025-06-28,2025-07-05,0,,,0.0
HT_018947,2025-07-16,2025-07-23,0,,,0.0
HT_018952,2026-01-29,2026-02-05,1,2026-02-03,Yearly,24.99
HT_018969,2025-07-07,2025-07-14,1,2025-07-13,Yearly,24.99
HT_018972,2026-02-01,2026-02-08,1,2026-02-04,Yearly,69.99
HT_018991,2025-09-05,2025-09-12,1,2025-09-08,Quarterly,69.99
HT_018994,2026-02-21,2026-02-28,0,,,0.0
HT_019002,2026-02-16,2026-02-23,1,2026-02-17,Monthly,69.99
HT_019005,2025-10-12,2025-10-19,1,2025-10-18,Monthly,69.99
HT_019014,2026-02-24,2026-03-03,0,,,0.0
HT_019022,2025-10-07,2025-10-14,0,,,0.0
HT_019033,2026-02-10,2026-02-17,1,2026-02-14,Quarterly,9.99
HT_019051,2025-08-10,2025-08-17,0,,,0.0
HT_019070,2026-03-08,2026-03-15,1,2026-03-10,Yearly,9.99
HT_019071,2025-07-15,2025-07-22,0,,,0.0
HT_019079,2026-03-09,2026-03-16,1,2026-03-10,Quarterly,69.99
HT_019102,2025-08-20,2025-08-27,1,2025-08-23,Monthly,69.99
HT_019124,2025-09-21,2025-09-28,1,2025-09-26,Quarterly,24.99
HT_019127,2025-09-03,2025-09-10,1,2025-09-04,Monthly,24.99
HT_019155,2025-12-10,2025-12-17,1,2025-12-13,Yearly,24.99
HT_019167,2026-01-06,2026-01-13,1,2026-01-08,Monthly,9.99
HT_019170,2026-01-02,2026-01-09,1,2026-01-06,Monthly,9.99
HT_019171,2025-07-16,2025-07-23,1,2025-07-17,Monthly,69.99
HT_019173,2025-07-17,2025-07-24,1,2025-07-19,Yearly,9.99
HT_019174,2025-08-17,2025-08-24,0,,,0.0
HT_019182,2025-07-11,2025-07-18,0,,,0.0
HT_019185,2025-05-28,2025-06-04,1,2025-05-29,Quarterly,9.99
HT_019197,2025-05-16,2025-05-23,0,,,0.0
HT_019203,2025-07-06,2025-07-13,1,2025-07-09,Quarterly,69.99
HT_019210,2025-10-11,2025-10-18,0,,,0.0
HT_019215,2025-06-10,2025-06-17,1,2025-06-16,Monthly,9.99
HT_019216,2026-02-22,2026-03-01,1,2026-02-25,Quarterly,24.99
HT_019223,2025-08-10,2025-08-17,1,2025-08-15,Quarterly,69.99
HT_019237,2025-08-03,2025-08-10,0,,,0.0
HT_019259,2026-03-06,2026-03-13,0,,,0.0
HT_019264,2025-05-26,2025-06-02,1,2025-05-28,Quarterly,24.99
HT_019283,2026-04-14,2026-04-21,1,2026-04-21,Quarterly,24.99
HT_019284,2026-04-15,2026-04-22,0,,,0.0
HT_019290,2025-07-13,2025-07-20,1,2025-07-15,Yearly,69.99
HT_019293,2025-07-08,2025-07-15,0,,,0.0
HT_019294,2025-08-29,2025-09-05,1,2025-09-05,Monthly,24.99
HT_019296,2026-03-30,2026-04-06,1,2026-04-06,Monthly,9.99
HT_019299,2025-09-27,2025-10-04,1,2025-10-02,Monthly,69.99
HT_019324,2025-09-12,2025-09-19,1,2025-09-15,Monthly,9.99
HT_019332,2025-11-16,2025-11-23,1,2025-11-17,Yearly,24.99
HT_019350,2025-06-09,2025-06-16,1,2025-06-14,Quarterly,24.99
HT_019377,2025-10-29,2025-11-05,0,,,0.0
HT_019381,2025-08-25,2025-09-01,0,,,0.0
HT_019410,2025-05-12,2025-05-19,1,2025-05-18,Yearly,9.99
HT_019417,2025-07-23,2025-07-30,0,,,0.0
HT_019421,2025-06-01,2025-06-08,0,,,0.0
HT_019431,2026-04-30,2026-05-07,0,,,0.0
HT_019447,2025-06-01,2025-06-08,1,2025-06-05,Yearly,69.99
HT_019450,2026-01-01,2026-01-08,0,,,0.0
HT_019458,2026-04-20,2026-04-27,1,2026-04-25,Quarterly,24.99
HT_019482,2025-09-15,2025-09-22,0,,,0.0
HT_019486,2025-12-06,2025-12-13,0,,,0.0
HT_019518,2025-07-25,2025-08-01,0,,,0.0
HT_019523,2026-02-26,2026-03-05,0,,,0.0
HT_019539,2026-03-27,2026-04-03,0,,,0.0
HT_019553,2025-12-29,2026-01-05,0,,,0.0
HT_019556,2026-01-11,2026-01-18,1,2026-01-12,Yearly,24.99
HT_019590,2025-12-24,2025-12-31,0,,,0.0
HT_019599,2025-11-05,2025-11-12,1,2025-11-07,Monthly,24.99
HT_019601,2026-01-27,2026-02-03,1,2026-01-28,Quarterly,9.99
HT_019611,2026-04-07,2026-04-14,1,2026-04-10,Monthly,9.99
HT_019614,2025-06-27,2025-07-04,1,2025-06-28,Monthly,24.99
HT_019616,2026-03-31,2026-04-07,1,2026-04-05,Monthly,69.99
HT_019633,2025-12-01,2025-12-08,1,2025-12-05,Monthly,24.99
HT_019634,2025-06-20,2025-06-27,0,,,0.0
HT_019641,2026-01-14,2026-01-21,0,,,0.0
HT_019647,2026-02-21,2026-02-28,1,2026-02-22,Monthly,9.99
HT_019653,2025-11-24,2025-12-01,1,2025-11-25,Yearly,24.99
HT_019656,2025-12-11,2025-12-18,0,,,0.0
HT_019664,2026-03-05,2026-03-12,1,2026-03-09,Yearly,69.99
HT_019672,2026-02-24,2026-03-03,1,2026-02-27,Yearly,24.99
HT_019686,2026-01-15,2026-01-22,0,,,0.0
HT_019688,2025-08-04,2025-08-11,1,2025-08-07,Yearly,24.99
HT_019692,2025-10-27,2025-11-03,0,,,0.0
HT_019702,2025-07-21,2025-07-28,1,2025-07-23,Monthly,9.99
HT_019703,2026-05-05,2026-05-12,1,2026-05-10,Yearly,69.99
HT_019714,2025-07-09,2025-07-16,1,2025-07-16,Yearly,9.99
HT_019716,2025-07-25,2025-08-01,1,2025-07-30,Quarterly,69.99
HT_019717,2026-01-08,2026-01-15,1,2026-01-10,Yearly,24.99
HT_019758,2025-12-16,2025-12-23,1,2025-12-19,Yearly,24.99
HT_019765,2025-09-12,2025-09-19,1,2025-09-15,Monthly,9.99
HT_019788,2025-09-17,2025-09-24,1,2025-09-20,Yearly,9.99
HT_019799,2025-11-14,2025-11-21,1,2025-11-21,Monthly,24.99
HT_019807,2025-10-22,2025-10-29,1,2025-10-27,Yearly,9.99
HT_019828,2025-07-21,2025-07-28,1,2025-07-22,Monthly,24.99
HT_019836,2025-06-14,2025-06-21,1,2025-06-15,Quarterly,9.99
HT_019839,2026-04-11,2026-04-18,0,,,0.0
HT_019844,2025-11-10,2025-11-17,1,2025-11-12,Yearly,9.99
HT_019849,2025-12-12,2025-12-19,0,,,0.0
HT_019859,2026-04-21,2026-04-28,1,2026-04-22,Quarterly,24.99
HT_019867,2026-02-24,2026-03-03,1,2026-02-27,Monthly,69.99
HT_019879,2025-11-25,2025-12-02,0,,,0.0
HT_019888,2026-01-04,2026-01-11,1,2026-01-08,Quarterly,69.99
HT_019890,2025-05-10,2025-05-17,0,,,0.0
HT_019892,2025-12-10,2025-12-17,0,,,0.0
HT_019933,2025-08-22,2025-08-29,1,2025-08-25,Monthly,24.99
HT_019963,2025-06-04,2025-06-11,0,,,0.0
HT_019968,2025-10-12,2025-10-19,1,2025-10-16,Monthly,9.99
HT_019971,2025-09-01,2025-09-08,1,2025-09-02,Quarterly,9.99
HT_019976,2025-08-04,2025-08-11,1,2025-08-08,Yearly,69.99
HT_019994,2025-08-29,2025-09-05,1,2025-08-31,Yearly,24.99
